{
    "14-28": [
        0.06140293926000595
    ],
    "14-17": [
        0.06900294125080109
    ],
    "14-27": [
        0.07740631699562073
    ],
    "14-46": [
        0.058627497404813766
    ],
    "14-53": [
        0.04517817124724388
    ],
    "14-19": [
        0.07607962936162949
    ],
    "9-1": [
        0.07800891995429993
    ],
    "9-49": [
        0.058709949254989624
    ],
    "9-59": [
        0.05232293903827667
    ],
    "9-2": [
        0.06383825838565826
    ],
    "9-36": [
        0.07129839807748795
    ],
    "9-60": [
        0.05990322679281235
    ],
    "1-61": [
        0.047919441014528275
    ],
    "1-48": [
        0.042648691684007645
    ],
    "1-20": [
        0.056422676891088486
    ],
    "1-23": [
        0.06677553802728653
    ],
    "1-14": [
        0.05732191354036331
    ],
    "1-52": [
        0.06013244390487671
    ],
    "21-57": [
        0.05089256912469864
    ],
    "21-19": [
        0.06469693034887314
    ],
    "21-39": [
        0.0364648662507534
    ],
    "21-29": [
        0.05788460001349449
    ],
    "21-5": [
        0.06476067006587982
    ],
    "21-30": [
        0.038569845259189606
    ],
    "22-2": [
        0.04831510782241821
    ],
    "22-27": [
        0.03908970206975937
    ],
    "22-60": [
        0.059644561260938644
    ],
    "22-9": [
        0.04906947538256645
    ],
    "22-26": [
        0.07207946479320526
    ],
    "22-24": [
        0.041811004281044006
    ],
    "6-9": [
        0.04704361781477928
    ],
    "6-55": [
        0.07745009660720825
    ],
    "6-4": [
        0.054896093904972076
    ],
    "6-62": [
        0.05767897889018059
    ],
    "6-51": [
        0.0638618990778923
    ],
    "6-28": [
        0.05434354394674301
    ],
    "17-24": [
        0.04869304597377777
    ],
    "17-63": [
        0.06836966425180435
    ],
    "17-28": [
        0.0732528492808342
    ],
    "17-10": [
        0.06017803028225899
    ],
    "17-39": [
        0.05968949571251869
    ],
    "17-29": [
        0.06054797023534775
    ],
    "10-1": [
        0.0569421648979187
    ],
    "10-41": [
        0.05122959613800049
    ],
    "10-28": [
        0.043955858796834946
    ],
    "10-45": [
        0.06851907074451447
    ],
    "10-36": [
        0.055853523313999176
    ],
    "10-54": [
        0.05461551249027252
    ],
    "12-18": [
        0.04854759946465492
    ],
    "12-62": [
        0.05042427033185959
    ],
    "12-41": [
        0.05305971950292587
    ],
    "12-34": [
        0.04029534384608269
    ],
    "12-6": [
        0.04356507584452629
    ],
    "12-33": [
        0.059433985501527786
    ]
}