{
    "14-28": [
        0.08147876709699631
    ],
    "14-17": [
        0.08706174045801163
    ],
    "14-27": [
        0.08634199947118759
    ],
    "14-46": [
        0.07675592601299286
    ],
    "14-53": [
        0.06197209283709526
    ],
    "14-19": [
        0.0839776024222374
    ],
    "9-1": [
        0.09016638994216919
    ],
    "9-49": [
        0.07073794305324554
    ],
    "9-59": [
        0.06703561544418335
    ],
    "9-2": [
        0.08033622801303864
    ],
    "9-36": [
        0.0892302393913269
    ],
    "9-60": [
        0.06698200106620789
    ],
    "1-61": [
        0.0654211938381195
    ],
    "1-48": [
        0.052178144454956055
    ],
    "1-20": [
        0.07582886517047882
    ],
    "1-23": [
        0.08405550569295883
    ],
    "1-14": [
        0.07476282864809036
    ],
    "1-52": [
        0.0770624652504921
    ],
    "21-57": [
        0.07045477628707886
    ],
    "21-19": [
        0.0765918642282486
    ],
    "21-39": [
        0.05397086590528488
    ],
    "21-29": [
        0.07825590670108795
    ],
    "21-5": [
        0.06837461143732071
    ],
    "21-30": [
        0.0554647222161293
    ],
    "22-2": [
        0.06774640828371048
    ],
    "22-27": [
        0.0573243610560894
    ],
    "22-60": [
        0.07118084281682968
    ],
    "22-9": [
        0.06654302775859833
    ],
    "22-26": [
        0.08005073666572571
    ],
    "22-24": [
        0.05641039460897446
    ],
    "6-9": [
        0.06077565997838974
    ],
    "6-55": [
        0.09369610249996185
    ],
    "6-4": [
        0.07272093743085861
    ],
    "6-62": [
        0.0748986303806305
    ],
    "6-51": [
        0.081186942756176
    ],
    "6-28": [
        0.07019390165805817
    ],
    "17-24": [
        0.06680982559919357
    ],
    "17-63": [
        0.08154497295618057
    ],
    "17-28": [
        0.08365079015493393
    ],
    "17-10": [
        0.07383431494235992
    ],
    "17-39": [
        0.07250530272722244
    ],
    "17-29": [
        0.07645511627197266
    ],
    "10-1": [
        0.07557520270347595
    ],
    "10-41": [
        0.06894615292549133
    ],
    "10-28": [
        0.058184344321489334
    ],
    "10-45": [
        0.08562588691711426
    ],
    "10-36": [
        0.07637050002813339
    ],
    "10-54": [
        0.07362305372953415
    ],
    "12-18": [
        0.054335348308086395
    ],
    "12-62": [
        0.0690825805068016
    ],
    "12-41": [
        0.06908867508172989
    ],
    "12-34": [
        0.05448773130774498
    ],
    "12-6": [
        0.0576222762465477
    ],
    "12-33": [
        0.07736028730869293
    ]
}