{"0-1": [6895.874704442918, 11842, 0.5823234845839316], "0-5": [5155.599577266723, 13391, 0.38500482243796], "0-3": [7309.501811757684, 12492, 0.5851346311045216], "0-4": [6667.752057081088, 13239, 0.5036446904661295], "0-6": [5981.211879020557, 11558, 0.5174954039644019], "0-2": [7035.053679488599, 12444, 0.5653370041376246], "0-7": [5745.123889166862, 13538, 0.4243702089796766], "0-0": [6174.882416136563, 13426, 0.4599197390240252], "1-3": [3703.188626145944, 13303, 0.27837244427166385], "1-4": [6891.542630749755, 13771, 0.5004387938965765], "1-2": [6989.905895932403, 13157, 0.5312689743811205], "1-0": [7003.444426244387, 12889, 0.5433660040534088], "1-5": [7227.2105135649035, 12930, 0.5589489956353367], "1-7": [5944.421051486395, 12019, 0.4945853275219565], "1-1": [7013.7189274158445, 12595, 0.5568653376273001], "1-6": [6191.567921495967, 11266, 0.5495799681782325], "2-7": [5346.68012658041, 11168, 0.47875001133420575], "2-4": [6819.017915211618, 13555, 0.5030629225534208], "2-3": [6585.1168267807225, 13104, 0.5025272303709343], "2-0": [6002.970234901644, 12709, 0.4723400924464273], "2-1": [6194.183628431987, 12476, 0.49648794713305444], "2-2": [6442.076985632768, 13089, 0.4921748785722949], "2-6": [7304.617599099176, 12966, 0.5633670830710455], "2-5": [6270.336685865885, 12863, 0.4874707833216112], "3-6": [6083.442046740325, 12087, 0.5033045459369839], "3-1": [5607.8159499345875, 11684, 0.4799568598026864], "3-3": [6131.099862448289, 11726, 0.5228637099137207], "3-5": [5813.255089998827, 12191, 0.47684809203501166], "3-7": [7064.354524550843, 13998, 0.5046688473032463], "3-0": [6461.983777039219, 13398, 0.48230958180618144], "3-2": [6478.545554663753, 12808, 0.5058202338119733], "3-4": [7324.503195024561, 14038, 0.5217625869087165], "4-7": [6761.79132422246, 13838, 0.4886393499221318], "4-3": [6662.144755413756, 13217, 0.5040587694192143], "4-5": [6260.41608033888, 12526, 0.4997937154988728], "4-1": [6849.7761385869235, 13202, 0.5188438220411243], "4-0": [6274.741100172047, 12144, 0.5166947546254979], "4-4": [6099.859673525905, 12018, 0.5075602990119742], "4-6": [6083.3739011609, 12398, 0.49067381038561864], "4-2": [5972.897028555395, 12587, 0.474529040164884], "5-7": [6754.101468330249, 13412, 0.5035864500693594], "5-5": [6472.701956639998, 12558, 0.5154245864500715], "5-1": [6652.256453616777, 13313, 0.49968124792434293], "5-4": [6016.212331191171, 12285, 0.48972017347913477], "5-3": [6871.3010569904, 13206, 0.5203166028313191], "5-2": [5605.238049339503, 12330, 0.454601626061598], "5-0": [6292.368710419163, 12347, 0.5096273354190624], "5-6": [6300.819969639648, 12479, 0.5049138528439496], "6-3": [6795.49672626704, 13160, 0.516375131175307], "6-0": [5968.960004030727, 12981, 0.4598228182752274], "6-6": [6117.700048645958, 12433, 0.4920534101701889], "6-1": [6263.6414203140885, 12104, 0.5174852462255526], "6-5": [6538.039881546982, 12804, 0.510624795497265], "6-7": [6761.946992198937, 13561, 0.4986318849789054], "6-4": [6145.042802657932, 12100, 0.5078547770791679], "6-2": [6374.172139206901, 12787, 0.4984884757337062], "7-3": [5466.872165444307, 11299, 0.48383681435917403], "7-5": [5591.078851761296, 11875, 0.47082769277989867], "7-7": [6017.840180460364, 12345, 0.4874718655698958], "7-0": [6933.233686673455, 13497, 0.5136870183502596], "7-2": [5607.480329524726, 11393, 0.492186459187635], "7-1": [7124.042314427905, 13823, 0.5153759903369677], "7-6": [6998.660993261263, 13304, 0.5260568996738773], "7-4": [7225.791466663592, 14394, 0.5020002408408776], "8-4": [5941.766911829356, 11615, 0.5115597857795399], "8-7": [6293.632756121457, 13091, 0.4807602747018147], "8-0": [6250.178293029778, 12991, 0.4811160259433283], "8-6": [5693.032476401888, 11660, 0.48825321409964734], "8-5": [7337.311892233323, 13780, 0.532460950089501], "8-2": [6672.740148096345, 13312, 0.5012575231442568], "8-1": [6724.37461226061, 12898, 0.5213501792728028], "8-3": [6051.962912998162, 12583, 0.48096343582596857], "9-7": [6750.796010341495, 13733, 0.4915747477129174], "9-6": [6444.768576318398, 12532, 0.5142649677879347], "9-2": [6596.579024750739, 12671, 0.5206044530621686], "9-0": [7033.940741694532, 13478, 0.5218831237345698], "9-5": [7256.62031368725, 14932, 0.4859777868796712], "9-3": [5926.99001031369, 12077, 0.490766747562614], "9-4": [4441.635207755491, 9472, 0.46892263595391587], "9-1": [6513.670106612146, 13035, 0.4997061838597734], "10-6": [4853.233607366681, 10022, 0.4842579931517343], "10-3": [6709.078808791935, 13548, 0.4952080608792394], "10-2": [6766.196060512215, 13124, 0.5155589805327808], "10-4": [6875.641602419317, 13098, 0.5249382808382438], "10-7": [5772.0318980515, 13512, 0.4271782044147055], "10-5": [6414.802034437656, 13148, 0.4878918492879264], "10-1": [6363.114295549691, 13119, 0.4850304364318691], "10-0": [7210.901684384793, 12359, 0.5834534901193295], "11-5": [7530.684613856254, 13659, 0.5513349889344941], "11-6": [7420.0362139083445, 14476, 0.5125750355007146], "11-7": [6531.987928951625, 13978, 0.46730490262924773], "11-2": [7432.328695130469, 15581, 0.4770123031339753], "11-1": [7021.718972315313, 13625, 0.5153555209038762], "11-0": [6854.786176719237, 13872, 0.49414548563431643], "11-4": [6825.755264535546, 13470, 0.5067375845980361], "11-3": [1347.7021367382258, 3269, 0.4122674018777075], "12-7": [1983.7199026308954, 4287, 0.46272915853298235], "12-0": [7264.803395117866, 13834, 0.5251412024806901], "12-1": [6710.367406797817, 14158, 0.47396294722403004], "12-5": [6035.354470819351, 14231, 0.42409911255845345], "12-3": [8353.009513452667, 15004, 0.5567188425388341], "12-2": [7191.819427397451, 15008, 0.47919905566347626], "12-4": [6289.551405676175, 12481, 0.5039300861850954], "12-6": [7136.374482274288, 12927, 0.5520518668116569], "13-3": [6679.317171622068, 13225, 0.505052338118871], "13-1": [5970.051876021549, 11991, 0.49787773130027096], "13-5": [7000.486557934433, 13953, 0.5017190968203564], "13-4": [5969.998300354928, 12715, 0.469524050362165], "13-6": [6508.922898724675, 12759, 0.5101436553589368], "13-7": [6157.59310605377, 12636, 0.4873055639485414], "13-0": [6470.343216430396, 12965, 0.49906233832860747], "13-2": [6208.286868184805, 11686, 0.531258503181996], "14-5": [6318.718994393945, 13546, 0.466463826546135], "14-7": [6704.283708168194, 12766, 0.5251671399160421], "14-2": [3905.428235495463, 8155, 0.4788998449411972], "14-6": [7390.972791861743, 14184, 0.5210781720150692], "14-3": [7330.161157511175, 13608, 0.5386655759487929], "14-4": [6470.5925657227635, 13708, 0.4720303885120195], "14-1": [6775.12943338044, 13576, 0.4990519617987949], "14-0": [6069.713109664619, 12387, 0.490006709426384], "15-3": [4083.7103211004287, 8308, 0.49153951866880463], "15-6": [6700.064102898352, 13470, 0.4974063921973535], "15-1": [6820.816790832207, 14428, 0.4727485993091355], "15-7": [7014.900047386996, 13063, 0.5370052857220391], "15-5": [6918.53771143686, 13854, 0.4993891808457384], "15-4": [6218.234169650823, 12682, 0.49031967904516816], "15-2": [7192.9123090952635, 13981, 0.51447767034513], "15-0": [6015.8245347794145, 12144, 0.4953742205846026], "16-0": [6386.896785819903, 11846, 0.539160626863068], "16-1": [6279.174140477553, 12764, 0.491944072428514], "16-2": [6872.575143095106, 13654, 0.5033378601944563], "16-6": [6088.50399658829, 13469, 0.4520383099404774], "16-7": [6252.482639713213, 13584, 0.4602828798375451], "16-5": [6744.582011280581, 12160, 0.5546531259276793], "16-3": [6283.210027244873, 11368, 0.5527102416647496], "16-4": [6057.57525204774, 13085, 0.46294040902160793], "17-1": [6186.463488855516, 13425, 0.46081664721456356], "17-3": [6264.739274770021, 12357, 0.5069789815303084], "17-6": [5649.247571521904, 11598, 0.48708808169700846], "17-2": [5605.573144788854, 13466, 0.41627603926844303], "17-0": [7044.044697520323, 12470, 0.5648792860882376], "17-5": [6498.217987964861, 12644, 0.5139368861092107], "17-4": [7148.270330714062, 13041, 0.548138204947018], "17-7": [6568.443509619683, 12929, 0.5080395629684958],